--------------- USERS ----------------------

insert into USERS (user_id, name, username, password, email, gender, active_user) values ('6f323b65-cd24-48a9-bc53-e3e45676e619', 'Pierre Aubray', 'paubray0', 'j95p5YVCl', 'paubray0@auda.org.au', 'F', true);
insert into USERS (user_id, name, username, password, email, gender, active_user) values ('131e8918-730b-4739-9b9b-e91510f96fa9', 'Hayden Strephan', 'hstrephan1', '8rOmjSki', 'hstrephan1@oracle.com', 'M', true);
insert into USERS (user_id, name, username, password, email, gender, active_user) values ('8983514f-2e8a-4664-b616-2ea1744cb6af', 'Kerry Waslin', 'kwaslin2', 'o70kLhC4QQkO', 'kwaslin2@liveinternet.ru', 'M', true);
insert into USERS (user_id, name, username, password, email, gender, active_user) values ('b378f207-0f03-469c-bb6f-058779a2ad32', 'Sandi Sobieski', 'ssobieski3', 'knxGjrTj', 'ssobieski3@reverbnation.com', 'F', true);
insert into USERS (user_id, name, username, password, email, gender, active_user) values ('273f9c9c-c900-436b-af8a-65aead73052c', 'Amberly Pietroni', 'apietroni4', 'A8PQNZA', 'apietroni4@delicious.com', 'M', true);
insert into users (user_id, name, username, password, email, gender, active_user) values ('022ac2b9-516f-4e58-b976-9c77eca0f53f', 'Liane Swaby', 'lswaby0', 'oGNfU9Y', 'lswaby0@weibo.com', 'F', false);
insert into users (user_id, name, username, password, email, gender, active_user) values ('a562d556-2103-4873-9275-85adf9097e6c', 'Benedikt McQuade', 'bmcquade1', 'Uk0tOgZ0XEr', 'bmcquade1@blogspot.com', 'F', false);
insert into users (user_id, name, username, password, email, gender, active_user) values ('f29cabee-6278-433a-b2b5-36a26400a0f8', 'Clarette Frany', 'cfrany2', 'GXZHtb', 'cfrany2@spiegel.de', 'M', true);
insert into users (user_id, name, username, password, email, gender, active_user) values ('04ed2403-b934-49f9-a580-326bae9ae68c', 'Harbert Bragg', 'hbragg3', 'L72bC7qZ7', 'hbragg3@toplist.cz', 'M', true);
insert into users (user_id, name, username, password, email, gender, active_user) values ('bac15dd9-2f75-455a-ab81-bfc14714931a', 'Malinde Oda', 'moda4', 'oGsT9jdfYcAi', 'moda4@house.gov', 'M', true);
insert into users (user_id, name, username, password, email, gender, active_user) values ('8736bc3a-e4b6-42db-aae8-6848c5b61efd', 'Manda Casey', 'mcasey5', '4v4M85', 'mcasey5@mail.ru', 'F', true);
insert into users (user_id, name, username, password, email, gender, active_user) values ('59cae71b-4eed-47ab-99e2-7c1b78101107', 'Eveleen Stainfield', 'estainfield6', 'mwUvqcbCTwO', 'estainfield6@1688.com', 'F', false);
insert into users (user_id, name, username, password, email, gender, active_user) values ('2e7f1073-7026-4254-8ce5-d394078d51d3', 'Jacquelyn Astell', 'jastell7', '0qNVrS1H', 'jastell7@miitbeian.gov.cn', 'M', true);
insert into users (user_id, name, username, password, email, gender, active_user) values ('ad460c1d-b17b-4cfa-b834-74bd4f9c363e', 'Hedvige Elliott', 'helliott8', 'eoHONxscTy', 'helliott8@samsung.com', 'M', true);
insert into users (user_id, name, username, password, email, gender, active_user) values ('15d01094-244e-4df8-a9d1-ec7bd750a7a5', 'Parry Screen', 'pscreen9', '02TAA4c8Axu3', 'pscreen9@mediafire.com', 'M', true);
insert into users (user_id, name, username, password, email, gender, active_user) values ('cf3a5a13-3035-447c-aa66-1f44dcbcc998', 'Timothee Hand', 'thanda', 'CeIV8zuGA5B', 'thanda@imdb.com', 'F', true);
insert into users (user_id, name, username, password, email, gender, active_user) values ('f0a71a78-728c-4b1e-8e06-c53d64c19a64', 'Thedrick Jamot', 'tjamotb', 'VtwqQU9PLsqL', 'tjamotb@rambler.ru', 'F', true);
insert into users (user_id, name, username, password, email, gender, active_user) values ('19e781e9-0698-4666-a728-d14ef3b98ad7', 'Wald Guilfoyle', 'wguilfoylec', 'oQAKjSF', 'wguilfoylec@upenn.edu', 'M', true);

--------------- STUDENTS -------------------

insert into STUDENTS (student_id, avg, status) values ('6f323b65-cd24-48a9-bc53-e3e45676e619', 3.5, 'ACTIVE');
insert into STUDENTS (student_id, avg, status) values ('131e8918-730b-4739-9b9b-e91510f96fa9', 4.0, 'ACTIVE');
insert into STUDENTS (student_id, avg, status) values ('8983514f-2e8a-4664-b616-2ea1744cb6af', 1.5, 'ACTIVE');


--------------- PROFESSORS -----------------

insert into PROFESSORS (professor_id, degree) values ('b378f207-0f03-469c-bb6f-058779a2ad32', 'Masters Degree in Mathematics');
insert into PROFESSORS (professor_id, degree) values ('273f9c9c-c900-436b-af8a-65aead73052c', 'Civil Engineer ');



--------------- SUBJECTS -------------------

insert into SUBJECTS (subject_id, title, code, credits, active_subject ) values ( 'ed4f110a-ba03-11ed-afa1-0242ac120002','CALCULO DIFERENCIAL', 'CALD', 4, true);
insert into SUBJECTS (subject_id, title, code, credits, active_subject ) values ( '06ad6480-ba04-11ed-afa1-0242ac120002','CALCULO INTEGRAL', 'CALI', 4, true);
insert into SUBJECTS (subject_id, title, code, credits, active_subject ) values ( '1403f93c-ba04-11ed-afa1-0242ac120002','BIOLOGIA', 'BIOL', 3, true);
insert into SUBJECTS (subject_id, title, code, credits, active_subject ) values ( '1f3efb1c-ba04-11ed-afa1-0242ac120002','PRE CALCULO', 'PCAL', 3, true);
insert into SUBJECTS (subject_id, title, code, credits, active_subject ) values ( 'f90bbcb9-531d-4259-9d52-e92f29a961e5','FUNDAMENTOS DE MECANICA', 'FMEC', 4, true);
insert into SUBJECTS (subject_id, title, code, credits, active_subject ) values ( '55d02807-635f-4408-b18f-ee92ef0f7de4','FUNDAMENTOS DE COMUNICACION', 'FCOM', 2, true);
insert into SUBJECTS (subject_id, title, code, credits, active_subject ) values ( 'cb7e06de-bd29-11ed-afa1-0242ac120002','QUIMICA I', 'QUIM', 3, true);
insert into SUBJECTS (subject_id, title, code, credits, active_subject ) values ( '74efce37-2775-4016-b357-80a3ddaa85f0','MATEMATICA FINANCIERA', 'MATF', 3, true);
insert into SUBJECTS (subject_id, title, code, credits, active_subject ) values ( 'ccb75709-a567-4934-85bd-4f733092784e','OPTIMIZACION LINEAL', 'OPTL', 4, true);
insert into SUBJECTS (subject_id, title, code, credits, active_subject ) values ( '9d1d7edd-46e6-4001-b277-efdd4b513042','COSTOS Y PRESUPUESTOS', 'CYPR', 4, true);
insert into SUBJECTS (subject_id, title, code, credits, active_subject ) values ( '6501acbf-ce9e-4b07-a87b-12b74d62c429','SEÑALES DIGITALES', 'SDIG', 4, true);
insert into SUBJECTS (subject_id, title, code, credits, active_subject ) values ( '3dfb64cb-c01c-416b-9a36-8d6df97d8933','SEGURIDAD EN LA INDUSTRIA', 'SIND', 3, true);
insert into SUBJECTS (subject_id, title, code, credits, active_subject ) values ( 'cd11e55a-e064-42d1-bf25-d0363b5715d9','ANALISIS NUMERICO', 'ANUM', 3, true);
insert into SUBJECTS (subject_id, title, code, credits, active_subject ) values ( 'ee2bf736-7f56-4d3d-a8db-2e44a5767325','EXPRESION GRAFICA', 'EGRA', 3, true);
insert into SUBJECTS (subject_id, title, code, credits, active_subject ) values ( '30f70acc-3b66-4bed-90f3-38e614c055dd','CINE Y LITERATURA', 'CYLI', 2, false);
insert into SUBJECTS (subject_id, title, code, credits, active_subject ) values ( 'bdc6e175-aa1e-4d78-8078-bfb6a80bba7a','HISTORIA DE COLOMBIA', 'HDCL', 1, false);

delete from SUBJECTS where SUBJECT_ID = 'bdc6e175-aa1e-4d78-8078-bfb6a80bba7a';


--------------- COURSES --------------------

insert into COURSES (course_id, group_number, quota, professor_id, subject_id, status_course, year, period, active_course) values ('cfe96f22-5c2c-406a-b458-3831aaa6d3c9', 1, 20, 'b378f207-0f03-469c-bb6f-058779a2ad32', '1f3efb1c-ba04-11ed-afa1-0242ac120002', 'IN_PROGRESS', '2023', 'I',true);
insert into COURSES (course_id, group_number, quota, professor_id, subject_id, status_course, year, period, active_course) values ('38ef1de2-e0c6-404c-8cb0-b3e048a01fc0', 2, 25, 'b378f207-0f03-469c-bb6f-058779a2ad32', '1f3efb1c-ba04-11ed-afa1-0242ac120002', 'IN_PROGRESS', '2023', 'I',true );
insert into COURSES (course_id, group_number, quota, professor_id, subject_id, status_course, year, period, active_course) values ('24abb2bd-7e2b-4cc4-8b6c-dd292d3373a0', 2, 15, '273f9c9c-c900-436b-af8a-65aead73052c', '06ad6480-ba04-11ed-afa1-0242ac120002', 'IN_PROGRESS', '2023', 'I',true );
insert into COURSES (course_id, group_number, quota, professor_id, subject_id, status_course, year, period, active_course) values ('b13f101b-cb7c-4daa-a7b7-384e7d82d86d', 1, 0,  '273f9c9c-c900-436b-af8a-65aead73052c', '06ad6480-ba04-11ed-afa1-0242ac120002', 'CLOSED', '2020', 'I',false );


--------------- RECORDS --------------------

insert into RECORDS (record_id, student_id, course_id, type, grade) values ('73f434dc-0e37-4ec2-9b36-7744fcc15f96', '6f323b65-cd24-48a9-bc53-e3e45676e619', 'cfe96f22-5c2c-406a-b458-3831aaa6d3c9', 'FIRST', 3.9 );
insert into RECORDS (record_id, student_id, course_id, type, grade) values ('a23f4dd9-ae58-4391-bd03-1545d5d28d79', '131e8918-730b-4739-9b9b-e91510f96fa9', 'cfe96f22-5c2c-406a-b458-3831aaa6d3c9', 'FIRST', 3.1 );
insert into RECORDS (record_id, student_id, course_id, type, grade) values ('c1fb643b-3196-443a-abcb-95800531374a', '8983514f-2e8a-4664-b616-2ea1744cb6af', 'cfe96f22-5c2c-406a-b458-3831aaa6d3c9', 'FIRST', 4.1 );


-------------- PREREQUISITES ---------------

insert into PREREQUISITES (subject_base, pre_subject) values ('06ad6480-ba04-11ed-afa1-0242ac120002','ed4f110a-ba03-11ed-afa1-0242ac120002');
insert into PREREQUISITES (subject_base, pre_subject) values ('ed4f110a-ba03-11ed-afa1-0242ac120002','1f3efb1c-ba04-11ed-afa1-0242ac120002');